State,County Name,IECC Climate Zone
AK,Aleutians East,7
AK,Aleutians West,7
AK,Anchorage,7
AK,Bethel,8
AK,Bristol Bay,7
AK,Denali,7
AK,Dillingham,8
AK,Fairbanks North Star,8
AK,Haines,7
AK,Hoonah-Angoon,7
AK,Juneau,7
AK,Kenai Peninsula,7
AK,Ketchikan Gateway,7
AK,Kodiak Island,7
AK,Kusilvak,8
AK,Lake and Peninsula,7
AK,Matanuska-Susitna,7
AK,Nome,8
AK,North Slope,8
AK,Northwest Arctic,8
AK,Petersburg,7
AK,Prince of Wales-Hyder,7
AK,Sitka,7
AK,Skagway,7
AK,Southeast Fairbanks,8
AK,Valdez-Cordova,7
AK,Wrangell,7
AK,Yakutat,7
AK,Yukon-Koyukuk,8
AL,Autauga,3
AL,Baldwin,2
AL,Barbour,3
AL,Bibb,3
AL,Blount,3
AL,Bullock,3
AL,Butler,3
AL,Calhoun,3
AL,Chambers,3
AL,Cherokee,3
AL,Chilton,3
AL,Choctaw,3
AL,Clarke,3
AL,Clay,3
AL,Cleburne,3
AL,Coffee,3
AL,Colbert,3
AL,Conecuh,3
AL,Coosa,3
AL,Covington,3
AL,Crenshaw,3
AL,Cullman,3
AL,Dale,3
AL,Dallas,3
AL,DeKalb,3
AL,Elmore,3
AL,Escambia,3
AL,Etowah,3
AL,Fayette,3
AL,Franklin,3
AL,Geneva,3
AL,Greene,3
AL,Hale,3
AL,Henry,3
AL,Houston,3
AL,Jackson,3
AL,Jefferson,3
AL,Lamar,3
AL,Lauderdale,3
AL,Lawrence,3
AL,Lee,3
AL,Limestone,3
AL,Lowndes,3
AL,Macon,3
AL,Madison,3
AL,Marengo,3
AL,Marion,3
AL,Marshall,3
AL,Mobile,2
AL,Monroe,3
AL,Montgomery,3
AL,Morgan,3
AL,Perry,3
AL,Pickens,3
AL,Pike,3
AL,Randolph,3
AL,Russell,3
AL,Shelby,3
AL,St. Clair,3
AL,Sumter,3
AL,Talladega,3
AL,Tallapoosa,3
AL,Tuscaloosa,3
AL,Walker,3
AL,Washington,3
AL,Wilcox,3
AL,Winston,3
AR,Arkansas,3
AR,Ashley,3
AR,Baxter,4
AR,Benton,4
AR,Boone,4
AR,Bradley,3
AR,Calhoun,3
AR,Carroll,4
AR,Chicot,3
AR,Clark,3
AR,Clay,3
AR,Cleburne,3
AR,Cleveland,3
AR,Columbia,3
AR,Conway,3
AR,Craighead,3
AR,Crawford,3
AR,Crittenden,3
AR,Cross,3
AR,Dallas,3
AR,Desha,3
AR,Drew,3
AR,Faulkner,3
AR,Franklin,3
AR,Fulton,4
AR,Garland,3
AR,Grant,3
AR,Greene,3
AR,Hempstead,3
AR,Hot Spring,3
AR,Howard,3
AR,Independence,3
AR,Izard,4
AR,Jackson,3
AR,Jefferson,3
AR,Johnson,3
AR,Lafayette,3
AR,Lawrence,3
AR,Lee,3
AR,Lincoln,3
AR,Little River,3
AR,Logan,3
AR,Lonoke,3
AR,Madison,4
AR,Marion,4
AR,Miller,3
AR,Mississippi,3
AR,Monroe,3
AR,Montgomery,3
AR,Nevada,3
AR,Newton,4
AR,Ouachita,3
AR,Perry,3
AR,Phillips,3
AR,Pike,3
AR,Poinsett,3
AR,Polk,3
AR,Pope,3
AR,Prairie,3
AR,Pulaski,3
AR,Randolph,3
AR,Saline,3
AR,Scott,3
AR,Searcy,4
AR,Sebastian,3
AR,Sevier,3
AR,Sharp,3
AR,St. Francis,3
AR,Stone,4
AR,Union,3
AR,Van Buren,3
AR,Washington,4
AR,White,3
AR,Woodruff,3
AR,Yell,3
AS,Eastern District,1
AS,Manu'a District,1
AS,Rose Island,1
AS,Swains Island,1
AS,Western District,1
AZ,Apache,5
AZ,Cochise,3
AZ,Coconino,5
AZ,Gila,4
AZ,Graham,3
AZ,Greenlee,3
AZ,La Paz,2
AZ,Maricopa,2
AZ,Mohave,3
AZ,Navajo,5
AZ,Pima,2
AZ,Pinal,2
AZ,Santa Cruz,3
AZ,Yavapai,4
AZ,Yuma,2
CA,Alameda,3
CA,Alpine,6
CA,Amador,4
CA,Butte,3
CA,Calaveras,4
CA,Colusa,3
CA,Contra Costa,3
CA,Del Norte,4
CA,El Dorado,4
CA,Fresno,3
CA,Glenn,3
CA,Humboldt,4
CA,Imperial,2
CA,Inyo,4
CA,Kern,3
CA,Kings,3
CA,Lake,4
CA,Lassen,5
CA,Los Angeles,3
CA,Madera,3
CA,Marin,3
CA,Mariposa,4
CA,Mendocino,3
CA,Merced,3
CA,Modoc,5
CA,Mono,6
CA,Monterey,3
CA,Napa,3
CA,Nevada,5
CA,Orange,3
CA,Placer,3
CA,Plumas,5
CA,Riverside,3
CA,Sacramento,3
CA,San Benito,3
CA,San Bernardino,3
CA,San Diego,3
CA,San Francisco,3
CA,San Joaquin,3
CA,San Luis Obispo,3
CA,San Mateo,3
CA,Santa Barbara,3
CA,Santa Clara,3
CA,Santa Cruz,3
CA,Shasta,3
CA,Sierra,5
CA,Siskiyou,5
CA,Solano,3
CA,Sonoma,3
CA,Stanislaus,3
CA,Sutter,3
CA,Tehama,3
CA,Trinity,4
CA,Tulare,3
CA,Tuolumne,4
CA,Ventura,3
CA,Yolo,3
CA,Yuba,3
CO,Adams,5
CO,Alamosa,6
CO,Arapahoe,5
CO,Archuleta,6
CO,Baca,4
CO,Bent,5
CO,Boulder,5
CO,Broomfield,5
CO,Chaffee,6
CO,Cheyenne,5
CO,Clear Creek,7
CO,Conejos,6
CO,Costilla,6
CO,Crowley,5
CO,Custer,6
CO,Delta,5
CO,Denver,5
CO,Dolores,6
CO,Douglas,5
CO,Eagle,6
CO,El Paso,5
CO,Elbert,5
CO,Fremont,5
CO,Garfield,5
CO,Gilpin,5
CO,Grand,7
CO,Gunnison,7
CO,Hinsdale,7
CO,Huerfano,5
CO,Jackson,7
CO,Jefferson,5
CO,Kiowa,5
CO,Kit Carson,5
CO,La Plata,5
CO,Lake,7
CO,Larimer,5
CO,Las Animas,4
CO,Lincoln,5
CO,Logan,5
CO,Mesa,5
CO,Mineral,7
CO,Moffat,6
CO,Montezuma,5
CO,Montrose,5
CO,Morgan,5
CO,Otero,4
CO,Ouray,6
CO,Park,7
CO,Phillips,5
CO,Pitkin,7
CO,Prowers,5
CO,Pueblo,5
CO,Rio Blanco,6
CO,Rio Grande,7
CO,Routt,7
CO,Saguache,6
CO,San Juan,7
CO,San Miguel,6
CO,Sedgwick,5
CO,Summit,7
CO,Teller,5
CO,Washington,5
CO,Weld,5
CO,Yuma,5
CT,Fairfield,5
CT,Hartford,5
CT,Litchfield,5
CT,Middlesex,5
CT,New Haven,5
CT,New London,5
CT,Tolland,5
CT,Windham,5
DC,District of Columbia,4
DE,Kent,4
DE,New Castle,4
DE,Sussex,4
FL,Alachua,2
FL,Baker,2
FL,Bay,2
FL,Bradford,2
FL,Brevard,2
FL,Broward,1
FL,Calhoun,2
FL,Charlotte,2
FL,Citrus,2
FL,Clay,2
FL,Collier,2
FL,Columbia,2
FL,DeSoto,2
FL,Dixie,2
FL,Duval,2
FL,Escambia,2
FL,Flagler,2
FL,Franklin,2
FL,Gadsden,2
FL,Gilchrist,2
FL,Glades,2
FL,Gulf,2
FL,Hamilton,2
FL,Hardee,2
FL,Hendry,2
FL,Hernando,2
FL,Highlands,2
FL,Hillsborough,2
FL,Holmes,2
FL,Indian River,2
FL,Jackson,2
FL,Jefferson,2
FL,Lafayette,2
FL,Lake,2
FL,Lee,2
FL,Leon,2
FL,Levy,2
FL,Liberty,2
FL,Madison,2
FL,Manatee,2
FL,Marion,2
FL,Martin,2
FL,Miami-Dade,1
FL,Monroe,1
FL,Nassau,2
FL,Okaloosa,2
FL,Okeechobee,2
FL,Orange,2
FL,Osceola,2
FL,Palm Beach,2
FL,Pasco,2
FL,Pinellas,2
FL,Polk,2
FL,Putnam,2
FL,Santa Rosa,2
FL,Sarasota,2
FL,Seminole,2
FL,St. Johns,2
FL,St. Lucie,2
FL,Sumter,2
FL,Suwannee,2
FL,Taylor,2
FL,Union,2
FL,Volusia,2
FL,Wakulla,2
FL,Walton,2
FL,Washington,2
GA,Appling,2
GA,Atkinson,2
GA,Bacon,2
GA,Baker,2
GA,Baldwin,3
GA,Banks,4
GA,Barrow,3
GA,Bartow,3
GA,Ben Hill,3
GA,Berrien,2
GA,Bibb,3
GA,Bleckley,3
GA,Brantley,2
GA,Brooks,2
GA,Bryan,2
GA,Bulloch,3
GA,Burke,3
GA,Butts,3
GA,Calhoun,3
GA,Camden,2
GA,Candler,3
GA,Carroll,3
GA,Catoosa,4
GA,Charlton,2
GA,Chatham,2
GA,Chattahoochee,3
GA,Chattooga,4
GA,Cherokee,3
GA,Clarke,3
GA,Clay,3
GA,Clayton,3
GA,Clinch,2
GA,Cobb,3
GA,Coffee,3
GA,Colquitt,2
GA,Columbia,3
GA,Cook,2
GA,Coweta,3
GA,Crawford,3
GA,Crisp,3
GA,Dade,4
GA,Dawson,4
GA,Decatur,2
GA,DeKalb,3
GA,Dodge,3
GA,Dooly,3
GA,Dougherty,3
GA,Douglas,3
GA,Early,3
GA,Echols,2
GA,Effingham,2
GA,Elbert,3
GA,Emanuel,3
GA,Evans,2
GA,Fannin,4
GA,Fayette,3
GA,Floyd,4
GA,Forsyth,3
GA,Franklin,4
GA,Fulton,3
GA,Gilmer,4
GA,Glascock,3
GA,Glynn,2
GA,Gordon,4
GA,Grady,2
GA,Greene,3
GA,Gwinnett,3
GA,Habersham,4
GA,Hall,4
GA,Hancock,3
GA,Haralson,3
GA,Harris,3
GA,Hart,3
GA,Heard,3
GA,Henry,3
GA,Houston,3
GA,Irwin,3
GA,Jackson,3
GA,Jasper,3
GA,Jeff Davis,2
GA,Jefferson,3
GA,Jenkins,3
GA,Johnson,3
GA,Jones,3
GA,Lamar,3
GA,Lanier,2
GA,Laurens,3
GA,Lee,3
GA,Liberty,2
GA,Lincoln,3
GA,Long,2
GA,Lowndes,2
GA,Lumpkin,4
GA,Macon,3
GA,Madison,3
GA,Marion,3
GA,McDuffie,3
GA,McIntosh,2
GA,Meriwether,3
GA,Miller,2
GA,Mitchell,2
GA,Monroe,3
GA,Montgomery,3
GA,Morgan,3
GA,Murray,4
GA,Muscogee,3
GA,Newton,3
GA,Oconee,3
GA,Oglethorpe,3
GA,Paulding,3
GA,Peach,3
GA,Pickens,4
GA,Pierce,2
GA,Pike,3
GA,Polk,3
GA,Pulaski,3
GA,Putnam,3
GA,Quitman,3
GA,Rabun,4
GA,Randolph,3
GA,Richmond,3
GA,Rockdale,3
GA,Schley,3
GA,Screven,3
GA,Seminole,2
GA,Spalding,3
GA,Stephens,4
GA,Stewart,3
GA,Sumter,3
GA,Talbot,3
GA,Taliaferro,3
GA,Tattnall,2
GA,Taylor,3
GA,Telfair,3
GA,Terrell,3
GA,Thomas,2
GA,Tift,3
GA,Toombs,2
GA,Towns,4
GA,Treutlen,3
GA,Troup,3
GA,Turner,3
GA,Twiggs,3
GA,Union,4
GA,Upson,3
GA,Walker,4
GA,Walton,3
GA,Ware,2
GA,Warren,3
GA,Washington,3
GA,Wayne,2
GA,Webster,3
GA,Wheeler,3
GA,White,4
GA,Whitfield,4
GA,Wilcox,3
GA,Wilkes,3
GA,Wilkinson,3
GA,Worth,3
GU,Guam,1
HI,Hawaii,1
HI,Honolulu,1
HI,Kalawao,1
HI,Kauai,1
HI,Maui,1
IA,Adair,5
IA,Adams,5
IA,Allamakee,6
IA,Appanoose,5
IA,Audubon,5
IA,Benton,5
IA,Black Hawk,6
IA,Boone,5
IA,Bremer,6
IA,Buchanan,6
IA,Buena Vista,6
IA,Butler,6
IA,Calhoun,6
IA,Carroll,5
IA,Cass,5
IA,Cedar,5
IA,Cerro Gordo,6
IA,Cherokee,6
IA,Chickasaw,6
IA,Clarke,5
IA,Clay,6
IA,Clayton,6
IA,Clinton,5
IA,Crawford,6
IA,Dallas,5
IA,Davis,5
IA,Decatur,5
IA,Delaware,6
IA,Des Moines,5
IA,Dickinson,6
IA,Dubuque,5
IA,Emmet,6
IA,Fayette,6
IA,Floyd,6
IA,Franklin,6
IA,Fremont,5
IA,Greene,5
IA,Grundy,6
IA,Guthrie,5
IA,Hamilton,6
IA,Hancock,6
IA,Hardin,6
IA,Harrison,5
IA,Henry,5
IA,Howard,6
IA,Humboldt,6
IA,Ida,6
IA,Iowa,5
IA,Jackson,5
IA,Jasper,5
IA,Jefferson,5
IA,Johnson,5
IA,Jones,5
IA,Keokuk,5
IA,Kossuth,6
IA,Lee,5
IA,Linn,5
IA,Louisa,5
IA,Lucas,5
IA,Lyon,6
IA,Madison,5
IA,Mahaska,5
IA,Marion,5
IA,Marshall,5
IA,Mills,5
IA,Mitchell,6
IA,Monona,5
IA,Monroe,5
IA,Montgomery,5
IA,Muscatine,5
IA,O'Brien,6
IA,Osceola,6
IA,Page,5
IA,Palo Alto,6
IA,Plymouth,6
IA,Pocahontas,6
IA,Polk County,5
IA,Pottawattamie,5
IA,Poweshiek,5
IA,Ringgold,5
IA,Sac,6
IA,Scott,5
IA,Shelby,5
IA,Sioux,6
IA,Story,5
IA,Tama,5
IA,Taylor,5
IA,Union,5
IA,Van Buren,5
IA,Wapello,5
IA,Warren,5
IA,Washington,5
IA,Wayne,5
IA,Webster,6
IA,Winnebago,6
IA,Winneshiek,6
IA,Woodbury,5
IA,Worth,6
IA,Wright,6
ID,Ada,5
ID,Adams,6
ID,Bannock,6
ID,Bear Lake,6
ID,Benewah,5
ID,Bingham,6
ID,Blaine,6
ID,Boise,6
ID,Bonner,6
ID,Bonneville,6
ID,Boundary,6
ID,Butte,6
ID,Camas,6
ID,Canyon,5
ID,Caribou,6
ID,Cassia,5
ID,Clark,6
ID,Clearwater,5
ID,Custer,6
ID,Elmore,5
ID,Franklin,6
ID,Fremont,6
ID,Gem,5
ID,Gooding,5
ID,Idaho,5
ID,Jefferson,6
ID,Jerome,5
ID,Kootenai,5
ID,Latah,5
ID,Lemhi,6
ID,Lewis,5
ID,Lincoln,5
ID,Madison,6
ID,Minidoka,5
ID,Nez Perce,5
ID,Oneida,6
ID,Owyhee,5
ID,Payette,5
ID,Power,5
ID,Shoshone,5
ID,Teton,6
ID,Twin Falls,5
ID,Valley,6
ID,Washington,5
IL,Adams,5
IL,Alexander,4
IL,Bond,4
IL,Boone,5
IL,Brown,5
IL,Bureau,5
IL,Calhoun,5
IL,Carroll,5
IL,Cass,5
IL,Champaign,5
IL,Christian,4
IL,Clark,5
IL,Clay,4
IL,Clinton,4
IL,Coles,5
IL,Cook,5
IL,Crawford,4
IL,Cumberland,5
IL,DeKalb,5
IL,DeWitt,5
IL,Douglas,5
IL,DuPage,5
IL,Edgar,5
IL,Edwards,4
IL,Effingham,4
IL,Fayette,4
IL,Ford,5
IL,Franklin,4
IL,Fulton,5
IL,Gallatin,4
IL,Greene,5
IL,Grundy,5
IL,Hamilton,4
IL,Hancock,5
IL,Hardin,4
IL,Henderson,5
IL,Henry,5
IL,Iroquois,5
IL,Jackson,4
IL,Jasper,4
IL,Jefferson,4
IL,Jersey,5
IL,Jo Daviess,5
IL,Johnson,4
IL,Kane,5
IL,Kankakee,5
IL,Kendall,5
IL,Knox,5
IL,Lake,5
IL,LaSalle,5
IL,Lawrence,4
IL,Lee,5
IL,Livingston,5
IL,Logan,5
IL,Macon,5
IL,Macoupin,4
IL,Madison,4
IL,Marion,4
IL,Marshall,5
IL,Mason,5
IL,Massac,4
IL,McDonough,5
IL,McHenry,5
IL,McLean,5
IL,Menard,5
IL,Mercer,5
IL,Monroe,4
IL,Montgomery,4
IL,Morgan,5
IL,Moultrie,5
IL,Ogle,5
IL,Peoria,5
IL,Perry,4
IL,Piatt,5
IL,Pike,5
IL,Pope,4
IL,Pulaski,4
IL,Putnam,5
IL,Randolph,4
IL,Richland,4
IL,Rock Island,5
IL,Saline,4
IL,Sangamon,5
IL,Schuyler,5
IL,Scott,5
IL,Shelby,4
IL,St. Clair,4
IL,Stark,5
IL,Stephenson,5
IL,Tazewell,5
IL,Union,4
IL,Vermilion,5
IL,Wabash,4
IL,Warren,5
IL,Washington,4
IL,Wayne,4
IL,White,4
IL,Whiteside,5
IL,Will,5
IL,Williamson,4
IL,Winnebago,5
IL,Woodford,5
IN,Adams,5
IN,Allen,5
IN,Bartholomew,5
IN,Benton,5
IN,Blackford,5
IN,Boone,5
IN,Brown,4
IN,Carroll,5
IN,Cass,5
IN,Clark,4
IN,Clay,5
IN,Clinton,5
IN,Crawford,4
IN,Daviess,4
IN,Dearborn,4
IN,Decatur,5
IN,DeKalb,5
IN,Delaware,5
IN,Dubois,4
IN,Elkhart,5
IN,Fayette,5
IN,Floyd,4
IN,Fountain,5
IN,Franklin,5
IN,Fulton,5
IN,Gibson,4
IN,Grant,5
IN,Greene,4
IN,Hamilton,5
IN,Hancock,5
IN,Harrison,4
IN,Hendricks,5
IN,Henry,5
IN,Howard,5
IN,Huntington,5
IN,Jackson,4
IN,Jasper,5
IN,Jay,5
IN,Jefferson,4
IN,Jennings,4
IN,Johnson,5
IN,Knox,4
IN,Kosciusko,5
IN,LaGrange,5
IN,Lake,5
IN,LaPorte,5
IN,Lawrence,4
IN,Madison,5
IN,Marion,5
IN,Marshall,5
IN,Martin,4
IN,Miami,5
IN,Monroe,4
IN,Montgomery,5
IN,Morgan,5
IN,Newton,5
IN,Noble,5
IN,Ohio,4
IN,Orange,4
IN,Owen,5
IN,Parke,5
IN,Perry,4
IN,Pike,4
IN,Porter,5
IN,Posey,4
IN,Pulaski,5
IN,Putnam,5
IN,Randolph,5
IN,Ripley,4
IN,Rush,5
IN,Scott,4
IN,Shelby,5
IN,Spencer,4
IN,St. Joseph,5
IN,Starke,5
IN,Steuben,5
IN,Sullivan,4
IN,Switzerland,4
IN,Tippecanoe,5
IN,Tipton,5
IN,Union,5
IN,Vanderburgh,4
IN,Vermillion,5
IN,Vigo,5
IN,Wabash,5
IN,Warren,5
IN,Warrick,4
IN,Washington,4
IN,Wayne,5
IN,Wells,5
IN,White,5
IN,Whitley,5
KS,Allen,4
KS,Anderson,4
KS,Atchison,4
KS,Barber,4
KS,Barton,4
KS,Bourbon,4
KS,Brown,4
KS,Butler,4
KS,Chase,4
KS,Chautauqua,4
KS,Cherokee,4
KS,Cheyenne,5
KS,Clark,4
KS,Clay,4
KS,Cloud,5
KS,Coffey,4
KS,Comanche,4
KS,Cowley,4
KS,Crawford,4
KS,Decatur,5
KS,Dickinson,4
KS,Doniphan,4
KS,Douglas,4
KS,Edwards,4
KS,Elk,4
KS,Ellis,5
KS,Ellsworth,4
KS,Finney,4
KS,Ford,4
KS,Franklin,4
KS,Geary,4
KS,Gove,5
KS,Graham,5
KS,Grant,4
KS,Gray,4
KS,Greeley,5
KS,Greenwood,4
KS,Hamilton,5
KS,Harper,4
KS,Harvey,4
KS,Haskell,4
KS,Hodgeman,4
KS,Jackson,4
KS,Jefferson,4
KS,Jewell,5
KS,Johnson,4
KS,Kearny,4
KS,Kingman,4
KS,Kiowa,4
KS,Labette,4
KS,Lane,5
KS,Leavenworth,4
KS,Lincoln,4
KS,Linn,4
KS,Logan,5
KS,Lyon,4
KS,McPherson,4
KS,Marion,4
KS,Marshall,4
KS,Meade,4
KS,Miami,4
KS,Mitchell,5
KS,Montgomery,4
KS,Morris,4
KS,Morton,4
KS,Nemaha,4
KS,Neosho,4
KS,Ness,5
KS,Norton,5
KS,Osage,4
KS,Osborne,5
KS,Ottawa,4
KS,Pawnee,4
KS,Phillips,5
KS,Pottawatomie,4
KS,Pratt,4
KS,Rawlins,5
KS,Reno,4
KS,Republic,5
KS,Rice,4
KS,Riley,4
KS,Rooks,5
KS,Rush,4
KS,Russell,4
KS,Saline,4
KS,Scott,5
KS,Sedgwick,4
KS,Seward,4
KS,Shawnee,4
KS,Sheridan,5
KS,Sherman,5
KS,Smith,5
KS,Stafford,4
KS,Stanton,4
KS,Stevens,4
KS,Sumner,4
KS,Thomas,5
KS,Trego,5
KS,Wabaunsee,4
KS,Wallace,5
KS,Washington,4
KS,Wichita,5
KS,Wilson,4
KS,Woodson,4
KS,Wyandotte,4
KY,Adair,4
KY,Allen,4
KY,Anderson,4
KY,Ballard,4
KY,Barren,4
KY,Bath,4
KY,Bell,4
KY,Boone,4
KY,Bourbon,4
KY,Boyd,4
KY,Boyle,4
KY,Bracken,4
KY,Breathitt,4
KY,Breckinridge,4
KY,Bullitt,4
KY,Butler,4
KY,Caldwell,4
KY,Calloway,4
KY,Campbell,4
KY,Carlisle,4
KY,Carroll,4
KY,Carter,4
KY,Casey,4
KY,Christian,4
KY,Clark,4
KY,Clay,4
KY,Clinton,4
KY,Crittenden,4
KY,Cumberland,4
KY,Daviess,4
KY,Edmonson,4
KY,Elliott,4
KY,Estill,4
KY,Fayette,4
KY,Fleming,4
KY,Floyd,4
KY,Franklin,4
KY,Fulton,4
KY,Gallatin,4
KY,Garrard,4
KY,Grant,4
KY,Graves,4
KY,Grayson,4
KY,Green,4
KY,Greenup,4
KY,Hancock,4
KY,Hardin,4
KY,Harlan,4
KY,Harrison,4
KY,Hart,4
KY,Henderson,4
KY,Henry,4
KY,Hickman,4
KY,Hopkins,4
KY,Jackson,4
KY,Jefferson,4
KY,Jessamine,4
KY,Johnson,4
KY,Kenton,4
KY,Knott,4
KY,Knox,4
KY,Larue,4
KY,Laurel,4
KY,Lawrence,4
KY,Lee,4
KY,Leslie,4
KY,Letcher,4
KY,Lewis,4
KY,Lincoln,4
KY,Livingston,4
KY,Logan,4
KY,Lyon,4
KY,McCracken,4
KY,McCreary,4
KY,McLean,4
KY,Madison,4
KY,Magoffin,4
KY,Marion,4
KY,Marshall,4
KY,Martin,4
KY,Mason,4
KY,Meade,4
KY,Menifee,4
KY,Mercer,4
KY,Metcalfe,4
KY,Monroe,4
KY,Montgomery,4
KY,Morgan,4
KY,Muhlenberg,4
KY,Nelson,4
KY,Nicholas,4
KY,Ohio,4
KY,Oldham,4
KY,Owen,4
KY,Owsley,4
KY,Pendleton,4
KY,Perry,4
KY,Pike,4
KY,Powell,4
KY,Pulaski,4
KY,Robertson,4
KY,Rockcastle,4
KY,Rowan,4
KY,Russell,4
KY,Scott,4
KY,Shelby,4
KY,Simpson,4
KY,Spencer,4
KY,Taylor,4
KY,Todd,4
KY,Trigg,4
KY,Trimble,4
KY,Union,4
KY,Warren,4
KY,Washington,4
KY,Wayne,4
KY,Webster,4
KY,Whitley,4
KY,Wolfe,4
KY,Woodford,4
LA,Acadia,2
LA,Allen,2
LA,Ascension,2
LA,Assumption,2
LA,Avoyelles,2
LA,Beauregard,2
LA,Bienville,3
LA,Bossier,3
LA,Caddo,3
LA,Calcasieu,2
LA,Caldwell,3
LA,Cameron,2
LA,Catahoula,3
LA,Claiborne,3
LA,Concordia,3
LA,De Soto,3
LA,East Baton Rouge,2
LA,East Carroll,3
LA,East Feliciana,2
LA,Evangeline,2
LA,Franklin,3
LA,Grant,3
LA,Iberia,2
LA,Iberville,2
LA,Jackson,3
LA,Jefferson,2
LA,Jefferson Davis,2
LA,La Salle,3
LA,Lafayette,2
LA,Lafourche,2
LA,Lincoln,3
LA,Livingston,2
LA,Madison,3
LA,Morehouse,3
LA,Natchitoches,3
LA,Orleans,2
LA,Ouachita,3
LA,Plaquemines,2
LA,Pointe Coupee,2
LA,Rapides,2
LA,Red River,3
LA,Richland,3
LA,Sabine,3
LA,St. Bernard,2
LA,St. Charles,2
LA,St. Helena,2
LA,St. James,2
LA,St. John the Baptist,2
LA,St. Landry,2
LA,St. Martin,2
LA,St. Mary,2
LA,St. Tammany,2
LA,Tangipahoa,2
LA,Tensas,3
LA,Terrebonne,2
LA,Union,3
LA,Vermilion,2
LA,Vernon,3
LA,Washington,2
LA,Webster,3
LA,West Baton Rouge,2
LA,West Carroll,3
LA,West Feliciana,2
LA,Winn,3
MA,Barnstable,5
MA,Berkshire,5
MA,Bristol,5
MA,Dukes,5
MA,Essex,5
MA,Franklin,5
MA,Hampden,5
MA,Hampshire,5
MA,Middlesex,5
MA,Nantucket,5
MA,Norfolk,5
MA,Plymouth,5
MA,Suffolk,5
MA,Worcester,5
MD,Allegany,4
MD,Anne Arundel,4
MD,Baltimore,4
MD,Calvert,4
MD,Caroline,4
MD,Carroll,4
MD,Cecil,4
MD,Charles,4
MD,Dorchester,4
MD,Frederick,4
MD,Garrett,5
MD,Harford,4
MD,Howard,4
MD,Kent,4
MD,Montgomery,4
MD,Prince George's,4
MD,Queen Anne's,4
MD,St. Mary's,4
MD,Somerset,4
MD,Talbot,4
MD,Washington,4
MD,Wicomico,4
MD,Worcester,4
MD,Baltimore,4
ME,Androscoggin,6
ME,Aroostook,7
ME,Cumberland,6
ME,Franklin,6
ME,Hancock,6
ME,Kennebec,6
ME,Knox,6
ME,Lincoln,6
ME,Oxford,6
ME,Penobscot,6
ME,Piscataquis,6
ME,Sagadahoc,6
ME,Somerset,6
ME,Waldo,6
ME,Washington,6
ME,York,6
MI,Alcona,6
MI,Alger,6
MI,Allegan,5
MI,Alpena,6
MI,Antrim,6
MI,Arenac,6
MI,Baraga,7
MI,Barry,5
MI,Bay,5
MI,Benzie,6
MI,Berrien,5
MI,Branch,5
MI,Calhoun,5
MI,Cass,5
MI,Charlevoix,6
MI,Cheboygan,6
MI,Chippewa,7
MI,Clare,6
MI,Clinton,5
MI,Crawford,6
MI,Delta,6
MI,Dickinson,6
MI,Eaton,5
MI,Emmet,6
MI,Genesee,5
MI,Gladwin,6
MI,Gogebic,7
MI,Grand Traverse,6
MI,Gratiot,5
MI,Hillsdale,5
MI,Houghton,7
MI,Huron,6
MI,Ingham,5
MI,Ionia,5
MI,Iosco,6
MI,Iron,7
MI,Isabella,6
MI,Jackson,5
MI,Kalamazoo,5
MI,Kalkaska,6
MI,Kent,5
MI,Keweenaw,7
MI,Lake,6
MI,Lapeer,5
MI,Leelanau,6
MI,Lenawee,5
MI,Livingston,5
MI,Luce,7
MI,Mackinac,7
MI,Macomb,5
MI,Manistee,6
MI,Marquette,6
MI,Mason,6
MI,Mecosta,6
MI,Menominee,6
MI,Midland,5
MI,Missaukee,6
MI,Monroe,5
MI,Montcalm,5
MI,Montmorency,6
MI,Muskegon,5
MI,Newaygo,6
MI,Oakland,5
MI,Oceana,6
MI,Ogemaw,6
MI,Ontonagon,7
MI,Osceola,6
MI,Oscoda,6
MI,Otsego,6
MI,Ottawa,5
MI,Presque Isle,6
MI,Roscommon,6
MI,Saginaw,5
MI,Sanilac,6
MI,Schoolcraft,7
MI,Shiawassee,5
MI,St. Clair,5
MI,St. Joseph,5
MI,Tuscola,5
MI,Van Buren,5
MI,Washtenaw,5
MI,Wayne,5
MI,Wexford,6
MN,Aitkin,7
MN,Anoka,6
MN,Becker,7
MN,Beltrami,7
MN,Benton,6
MN,Big Stone,6
MN,Blue Earth,6
MN,Brown,6
MN,Carlton,7
MN,Carver,6
MN,Cass,7
MN,Chippewa,6
MN,Chisago,6
MN,Clay,7
MN,Clearwater,7
MN,Cook,7
MN,Cottonwood,6
MN,Crow Wing,7
MN,Dakota,6
MN,Dodge,6
MN,Douglas,6
MN,Faribault,6
MN,Fillmore,6
MN,Freeborn,6
MN,Goodhue,6
MN,Grant,7
MN,Hennepin,6
MN,Houston,6
MN,Hubbard,7
MN,Isanti,6
MN,Itasca,7
MN,Jackson,6
MN,Kanabec,7
MN,Kandiyohi,6
MN,Kittson,7
MN,Koochiching,7
MN,Lac qui Parle,6
MN,Lake,7
MN,Lake of the Woods,7
MN,Le Sueur,6
MN,Lincoln,6
MN,Lyon,6
MN,Mahnomen,7
MN,Marshall,7
MN,Martin,6
MN,McLeod,6
MN,Meeker,6
MN,Mille Lacs,7
MN,Morrison,6
MN,Mower,6
MN,Murray,6
MN,Nicollet,6
MN,Nobles,6
MN,Norman,7
MN,Olmsted,6
MN,Otter Tail,7
MN,Pennington,7
MN,Pine,7
MN,Pipestone,6
MN,Polk,7
MN,Pope,6
MN,Ramsey,6
MN,Red Lake,7
MN,Redwood,6
MN,Renville,6
MN,Rice,6
MN,Rock,6
MN,Roseau,7
MN,Scott,6
MN,Sherburne,6
MN,Sibley,6
MN,St. Louis,7
MN,Stearns,6
MN,Steele,6
MN,Stevens,6
MN,Swift,6
MN,Todd,6
MN,Traverse,6
MN,Wabasha,6
MN,Wadena,7
MN,Waseca,6
MN,Washington,6
MN,Watonwan,6
MN,Wilkin,7
MN,Winona,6
MN,Wright,6
MN,Yellow Medicine,6
MO,Adair,5
MO,Andrew,5
MO,Atchison,5
MO,Audrain,4
MO,Barry,4
MO,Barton,4
MO,Bates,4
MO,Benton,4
MO,Bollinger,4
MO,Boone,4
MO,Buchanan,5
MO,Butler,4
MO,Caldwell,5
MO,Callaway,4
MO,Camden,4
MO,Cape Girardeau,4
MO,Carroll,4
MO,Carter,4
MO,Cass,4
MO,Cedar,4
MO,Chariton,5
MO,Christian,4
MO,Clark,5
MO,Clay,4
MO,Clinton,5
MO,Cole,4
MO,Cooper,4
MO,Crawford,4
MO,Dade,4
MO,Dallas,4
MO,Daviess,5
MO,DeKalb,5
MO,Dent,4
MO,Douglas,4
MO,Dunklin,4
MO,Franklin,4
MO,Gasconade,4
MO,Gentry,5
MO,Greene,4
MO,Grundy,5
MO,Harrison,5
MO,Henry,4
MO,Hickory,4
MO,Holt,5
MO,Howard,4
MO,Howell,4
MO,Iron,4
MO,Jackson,4
MO,Jasper,4
MO,Jefferson,4
MO,Johnson,4
MO,Knox,5
MO,Laclede,4
MO,Lafayette,4
MO,Lawrence,4
MO,Lewis,5
MO,Lincoln,4
MO,Linn,5
MO,Livingston,5
MO,Macon,5
MO,Madison,4
MO,Maries,4
MO,Marion,5
MO,McDonald,4
MO,Mercer,5
MO,Miller,4
MO,Mississippi,4
MO,Moniteau,4
MO,Monroe,4
MO,Montgomery,4
MO,Morgan,4
MO,New Madrid,4
MO,Newton,4
MO,Nodaway,5
MO,Oregon,4
MO,Osage,4
MO,Ozark,4
MO,Pemiscot,4
MO,Perry,4
MO,Pettis,4
MO,Phelps,4
MO,Pike,5
MO,Platte,4
MO,Polk,4
MO,Pulaski,4
MO,Putnam,5
MO,Ralls,5
MO,Randolph,4
MO,Ray,4
MO,Reynolds,4
MO,Ripley,4
MO,Saline,4
MO,Schuyler,5
MO,Scotland,5
MO,Scott,4
MO,Shannon,4
MO,Shelby,5
MO,St. Charles,4
MO,St. Clair,4
MO,St. Francois,4
MO,St. Louis,4
MO,St. Louis (city),4
MO,Ste. Genevieve,4
MO,Stoddard,4
MO,Stone,4
MO,Sullivan,5
MO,Taney,4
MO,Texas,4
MO,Vernon,4
MO,Warren,4
MO,Washington,4
MO,Wayne,4
MO,Webster,4
MO,Worth,5
MO,Wright,4
MP,Northern Islands,1
MP,Rota,1
MP,Saipan,1
MP,Tinian,1
MS,Adams,3
MS,Alcorn,3
MS,Amite,3
MS,Attala,3
MS,Benton,3
MS,Bolivar,3
MS,Calhoun,3
MS,Carroll,3
MS,Chickasaw,3
MS,Choctaw,3
MS,Claiborne,3
MS,Clarke,3
MS,Clay,3
MS,Coahoma,3
MS,Copiah,3
MS,Covington,3
MS,DeSoto,3
MS,Forrest,3
MS,Franklin,3
MS,George,3
MS,Greene,3
MS,Grenada,3
MS,Hancock,2
MS,Harrison,2
MS,Hinds,3
MS,Holmes,3
MS,Humphreys,3
MS,Issaquena,3
MS,Itawamba,3
MS,Jackson,2
MS,Jasper,3
MS,Jefferson,3
MS,Jefferson Davis,3
MS,Jones,3
MS,Kemper,3
MS,Lafayette,3
MS,Lamar,3
MS,Lauderdale,3
MS,Lawrence,3
MS,Leake,3
MS,Lee,3
MS,Leflore,3
MS,Lincoln,3
MS,Lowndes,3
MS,Madison,3
MS,Marion,3
MS,Marshall,3
MS,Monroe,3
MS,Montgomery,3
MS,Neshoba,3
MS,Newton,3
MS,Noxubee,3
MS,Oktibbeha,3
MS,Panola,3
MS,Pearl River,2
MS,Perry,3
MS,Pike,3
MS,Pontotoc,3
MS,Prentiss,3
MS,Quitman,3
MS,Rankin,3
MS,Scott,3
MS,Sharkey,3
MS,Simpson,3
MS,Smith,3
MS,Stone,2
MS,Sunflower,3
MS,Tallahatchie,3
MS,Tate,3
MS,Tippah,3
MS,Tishomingo,3
MS,Tunica,3
MS,Union,3
MS,Walthall,3
MS,Warren,3
MS,Washington,3
MS,Wayne,3
MS,Webster,3
MS,Wilkinson,3
MS,Winston,3
MS,Yalobusha,3
MS,Yazoo,3
MT,Beaverhead,6
MT,Big Horn,6
MT,Blaine,6
MT,Broadwater,6
MT,Carbon,6
MT,Carter,6
MT,Cascade,6
MT,Chouteau,6
MT,Custer,6
MT,Daniels,6
MT,Dawson,6
MT,Deer Lodge,6
MT,Fallon,6
MT,Fergus,6
MT,Flathead,6
MT,Gallatin,6
MT,Garfield,6
MT,Glacier,6
MT,Golden Valley,6
MT,Granite,6
MT,Hill,6
MT,Jefferson,6
MT,Judith Basin,6
MT,Lake,6
MT,Lewis and Clark,6
MT,Liberty,6
MT,Lincoln,6
MT,Madison,6
MT,McCone,6
MT,Meagher,6
MT,Mineral,6
MT,Missoula,6
MT,Musselshell,6
MT,Park,6
MT,Petroleum,6
MT,Phillips,6
MT,Pondera,6
MT,Powder River,6
MT,Powell,6
MT,Prairie,6
MT,Ravalli,6
MT,Richland,6
MT,Roosevelt,6
MT,Rosebud,6
MT,Sanders,6
MT,Sheridan,6
MT,Silver Bow,6
MT,Stillwater,6
MT,Sweet Grass,6
MT,Teton,6
MT,Toole,6
MT,Treasure,6
MT,Valley,6
MT,Wheatland,6
MT,Wibaux,6
MT,Yellowstone,6
NC,Alamance,4
NC,Alexander,4
NC,Alleghany,5
NC,Anson,3
NC,Ashe,5
NC,Avery,5
NC,Beaufort,3
NC,Bertie,4
NC,Bladen,3
NC,Brunswick,3
NC,Buncombe,4
NC,Burke,4
NC,Cabarrus,3
NC,Caldwell,4
NC,Camden,3
NC,Carteret,3
NC,Caswell,4
NC,Catawba,4
NC,Chatham,4
NC,Cherokee,4
NC,Chowan,3
NC,Clay,4
NC,Cleveland,4
NC,Columbus,3
NC,Craven,3
NC,Cumberland,3
NC,Currituck,3
NC,Dare,3
NC,Davidson,3
NC,Davie,4
NC,Duplin,3
NC,Durham,4
NC,Edgecombe,3
NC,Forsyth,4
NC,Franklin,4
NC,Gaston,3
NC,Gates,4
NC,Graham,4
NC,Granville,4
NC,Greene,3
NC,Guilford,4
NC,Halifax,4
NC,Harnett,4
NC,Haywood,4
NC,Henderson,4
NC,Hertford,4
NC,Hoke,3
NC,Hyde,3
NC,Iredell,4
NC,Jackson,4
NC,Johnston,3
NC,Jones,3
NC,Lee,4
NC,Lenoir,3
NC,Lincoln,4
NC,Macon,4
NC,Madison,4
NC,Martin,3
NC,McDowell,4
NC,Mecklenburg,3
NC,Mitchell,5
NC,Montgomery,3
NC,Moore,3
NC,Nash,4
NC,New Hanover,3
NC,Northampton,4
NC,Onslow,3
NC,Orange,4
NC,Pamlico,3
NC,Pasquotank,3
NC,Pender,3
NC,Perquimans,3
NC,Person,4
NC,Pitt,3
NC,Polk,4
NC,Randolph,3
NC,Richmond,3
NC,Robeson,3
NC,Rockingham,4
NC,Rowan,3
NC,Rutherford,4
NC,Sampson,3
NC,Scotland,3
NC,Stanly,3
NC,Stokes,4
NC,Surry,4
NC,Swain,4
NC,Transylvania,4
NC,Tyrrell,3
NC,Union,3
NC,Vance,4
NC,Wake,4
NC,Warren,4
NC,Washington,3
NC,Watauga,5
NC,Wayne,3
NC,Wilkes,4
NC,Wilson,3
NC,Yadkin,4
NC,Yancey,5
ND,Adams,6
ND,Barnes,7
ND,Benson,7
ND,Billings,6
ND,Bottineau,7
ND,Bowman,6
ND,Burke,7
ND,Burleigh,6
ND,Cass,7
ND,Cavalier,7
ND,Dickey,6
ND,Divide,7
ND,Dunn,6
ND,Eddy,7
ND,Emmons,6
ND,Foster,7
ND,Golden Valley,6
ND,Grand Forks,7
ND,Grant,6
ND,Griggs,7
ND,Hettinger,6
ND,Kidder,7
ND,LaMoure,6
ND,Logan,6
ND,McHenry,7
ND,McIntosh,6
ND,McKenzie,6
ND,McLean,7
ND,Mercer,6
ND,Morton,6
ND,Mountrail,7
ND,Nelson,7
ND,Oliver,6
ND,Pembina,7
ND,Pierce,7
ND,Ramsey,7
ND,Ransom,6
ND,Renville,7
ND,Richland,6
ND,Rolette,7
ND,Sargent,6
ND,Sheridan,7
ND,Sioux,6
ND,Slope,6
ND,Stark,6
ND,Steele,7
ND,Stutsman,7
ND,Towner,7
ND,Traill,7
ND,Walsh,7
ND,Ward,7
ND,Wells,7
ND,Williams,7
NE,Adams,5
NE,Antelope,5
NE,Arthur,5
NE,Banner,5
NE,Blaine,5
NE,Boone,5
NE,Box Butte,5
NE,Boyd,5
NE,Brown,5
NE,Buffalo,5
NE,Burt,5
NE,Butler,5
NE,Cass,5
NE,Cedar,5
NE,Chase,5
NE,Cherry,5
NE,Cheyenne,5
NE,Clay,5
NE,Colfax,5
NE,Cuming,5
NE,Custer,5
NE,Dakota,5
NE,Dawes,5
NE,Dawson,5
NE,Deuel,5
NE,Dixon,5
NE,Dodge,5
NE,Douglas,5
NE,Dundy,5
NE,Fillmore,5
NE,Franklin,5
NE,Frontier,5
NE,Furnas,5
NE,Gage,5
NE,Garden,5
NE,Garfield,5
NE,Gosper,5
NE,Grant,5
NE,Greeley,5
NE,Hall,5
NE,Hamilton,5
NE,Harlan,5
NE,Hayes,5
NE,Hitchcock,5
NE,Holt,5
NE,Hooker,5
NE,Howard,5
NE,Jefferson,5
NE,Johnson,5
NE,Kearney,5
NE,Keith,5
NE,Keya Paha,5
NE,Kimball,5
NE,Knox,5
NE,Lancaster,5
NE,Lincoln,5
NE,Logan,5
NE,Loup,5
NE,Madison,5
NE,McPherson,5
NE,Merrick,5
NE,Morrill,5
NE,Nance,5
NE,Nemaha,5
NE,Nuckolls,5
NE,Otoe,5
NE,Pawnee,5
NE,Perkins,5
NE,Phelps,5
NE,Pierce,5
NE,Platte,5
NE,Polk,5
NE,Red Willow,5
NE,Richardson,5
NE,Rock,5
NE,Saline,5
NE,Sarpy,5
NE,Saunders,5
NE,Scotts Bluff,5
NE,Seward,5
NE,Sheridan,5
NE,Sherman,5
NE,Sioux,5
NE,Stanton,5
NE,Thayer,5
NE,Thomas,5
NE,Thurston,5
NE,Valley,5
NE,Washington,5
NE,Wayne,5
NE,Webster,5
NE,Wheeler,5
NE,York,5
NH,Belknap,6
NH,Carroll,6
NH,Cheshire,5
NH,Coos,6
NH,Grafton,6
NH,Hillsborough,5
NH,Merrimack,6
NH,Rockingham,5
NH,Strafford,5
NH,Sullivan,6
NJ,Atlantic,4
NJ,Bergen,5
NJ,Burlington,4
NJ,Camden,4
NJ,Cape May,4
NJ,Cumberland,4
NJ,Essex,4
NJ,Gloucester,4
NJ,Hudson,4
NJ,Hunterdon,5
NJ,Mercer,5
NJ,Middlesex,4
NJ,Monmouth,4
NJ,Morris,5
NJ,Ocean,4
NJ,Passaic,5
NJ,Salem,4
NJ,Somerset,5
NJ,Sussex,5
NJ,Union,4
NJ,Warren,5
NM,Bernalillo,4
NM,Catron,5
NM,Chaves,3
NM,Cibola,4
NM,Colfax,5
NM,Curry,4
NM,De Baca,4
NM,DoÂ–a Ana,3
NM,Eddy,3
NM,Grant,4
NM,Guadalupe,4
NM,Harding,5
NM,Hidalgo,3
NM,Lea,3
NM,Lincoln,4
NM,Los Alamos,5
NM,Luna,3
NM,McKinley,5
NM,Mora,5
NM,Otero,3
NM,Quay,4
NM,Rio Arriba,5
NM,Roosevelt,4
NM,San Juan,5
NM,San Miguel,5
NM,Sandoval,5
NM,Santa Fe,5
NM,Sierra,4
NM,Socorro,4
NM,Taos,5
NM,Torrance,5
NM,Union,4
NM,Valencia,4
NV,Carson City (city),5
NV,Churchill,5
NV,Clark,3
NV,Douglas,5
NV,Elko,5
NV,Esmeralda,5
NV,Eureka,5
NV,Humboldt,5
NV,Lander,5
NV,Lincoln,5
NV,Lyon,5
NV,Mineral,5
NV,Nye,5
NV,Pershing,5
NV,Storey,5
NV,Washoe,5
NV,White Pine,5
NY,Albany,5
NY,Allegany,6
NY,Bronx,4
NY,Broome,6
NY,Cattaraugus,6
NY,Cayuga,5
NY,Chautauqua,5
NY,Chemung,5
NY,Chenango,6
NY,Clinton,6
NY,Columbia,5
NY,Cortland,5
NY,Delaware,6
NY,Dutchess,5
NY,Erie,5
NY,Essex,6
NY,Franklin,6
NY,Fulton,6
NY,Genesee,5
NY,Greene,5
NY,Hamilton,6
NY,Herkimer,6
NY,Jefferson,6
NY,Kings,4
NY,Lewis,6
NY,Livingston,5
NY,Madison,6
NY,Monroe,5
NY,Montgomery,6
NY,Nassau,4
NY,New York,4
NY,Niagara,5
NY,Oneida,6
NY,Onondaga,5
NY,Ontario,5
NY,Orange,5
NY,Orleans,5
NY,Oswego,5
NY,Otsego,6
NY,Putnam,5
NY,Queens,4
NY,Rensselaer,5
NY,Richmond,4
NY,Rockland,5
NY,Saratoga,5
NY,Schenectady,5
NY,Schoharie,6
NY,Schuyler,6
NY,Seneca,5
NY,St. Lawrence,6
NY,Steuben,6
NY,Suffolk,4
NY,Sullivan,6
NY,Tioga,5
NY,Tompkins,6
NY,Ulster,6
NY,Warren,6
NY,Washington,5
NY,Wayne,5
NY,Westchester,4
NY,Wyoming,6
NY,Yates,5
OH,Adams,4
OH,Allen,5
OH,Ashland,5
OH,Ashtabula,5
OH,Athens,5
OH,Auglaize,5
OH,Belmont,5
OH,Brown,4
OH,Butler,5
OH,Carroll,5
OH,Champaign,5
OH,Clark,5
OH,Clermont,4
OH,Clinton,5
OH,Columbiana,5
OH,Coshocton,5
OH,Crawford,5
OH,Cuyahoga,5
OH,Darke,5
OH,Defiance,5
OH,Delaware,5
OH,Erie,5
OH,Fairfield,5
OH,Fayette,5
OH,Franklin,5
OH,Fulton,5
OH,Gallia,4
OH,Geauga,5
OH,Greene,5
OH,Guernsey,5
OH,Hamilton,4
OH,Hancock,5
OH,Hardin,5
OH,Harrison,5
OH,Henry,5
OH,Highland,5
OH,Hocking,5
OH,Holmes,5
OH,Huron,5
OH,Jackson,5
OH,Jefferson,5
OH,Knox,5
OH,Lake,5
OH,Lawrence,4
OH,Licking,5
OH,Logan,5
OH,Lorain,5
OH,Lucas,5
OH,Madison,5
OH,Mahoning,5
OH,Marion,5
OH,Medina,5
OH,Meigs,5
OH,Mercer,5
OH,Miami,5
OH,Monroe,5
OH,Montgomery,5
OH,Morgan,5
OH,Morrow,5
OH,Muskingum,5
OH,Noble,5
OH,Ottawa,5
OH,Paulding,5
OH,Perry,5
OH,Pickaway,5
OH,Pike,4
OH,Portage,5
OH,Preble,5
OH,Putnam,5
OH,Richland,5
OH,Ross,5
OH,Sandusky,5
OH,Scioto,4
OH,Seneca,5
OH,Shelby,5
OH,Stark,5
OH,Summit,5
OH,Trumbull,5
OH,Tuscarawas,5
OH,Union,5
OH,Van Wert,5
OH,Vinton,5
OH,Warren,5
OH,Washington,4
OH,Wayne,5
OH,Williams,5
OH,Wood,5
OH,Wyandot,5
OK,Adair,3
OK,Alfalfa,3
OK,Atoka,3
OK,Beaver,4
OK,Beckham,3
OK,Blaine,3
OK,Bryan,3
OK,Caddo,3
OK,Canadian,3
OK,Carter,3
OK,Cherokee,3
OK,Choctaw,3
OK,Cimarron,4
OK,Cleveland,3
OK,Coal,3
OK,Comanche,3
OK,Cotton,3
OK,Craig,3
OK,Creek,3
OK,Custer,3
OK,Delaware,3
OK,Dewey,3
OK,Ellis,3
OK,Garfield,3
OK,Garvin,3
OK,Grady,3
OK,Grant,3
OK,Greer,3
OK,Harmon,3
OK,Harper,3
OK,Haskell,3
OK,Hughes,3
OK,Jackson,3
OK,Jefferson,3
OK,Johnston,3
OK,Kay,3
OK,Kingfisher,3
OK,Kiowa,3
OK,Latimer,3
OK,Le Flore,3
OK,Lincoln,3
OK,Logan,3
OK,Love,3
OK,Major,3
OK,Marshall,3
OK,Mayes,3
OK,McClain,3
OK,McCurtain,3
OK,McIntosh,3
OK,Murray,3
OK,Muskogee,3
OK,Noble,3
OK,Nowata,3
OK,Okfuskee,3
OK,Oklahoma,3
OK,Okmulgee,3
OK,Osage,3
OK,Ottawa,3
OK,Pawnee,3
OK,Payne,3
OK,Pittsburg,3
OK,Pontotoc,3
OK,Pottawatomie,3
OK,Pushmataha,3
OK,Roger Mills,3
OK,Rogers,3
OK,Seminole,3
OK,Sequoyah,3
OK,Stephens,3
OK,Texas,4
OK,Tillman,3
OK,Tulsa,3
OK,Wagoner,3
OK,Washington,3
OK,Washita,3
OK,Woods,3
OK,Woodward,3
OR,Baker,5
OR,Benton,4
OR,Clackamas,4
OR,Clatsop,4
OR,Columbia,4
OR,Coos,4
OR,Crook,5
OR,Curry,4
OR,Deschutes,5
OR,Douglas,4
OR,Gilliam,5
OR,Grant,5
OR,Harney,5
OR,Hood River,5
OR,Jackson,4
OR,Jefferson,5
OR,Josephine,4
OR,Klamath,5
OR,Lake,5
OR,Lane,4
OR,Lincoln,4
OR,Linn,4
OR,Malheur,5
OR,Marion,4
OR,Morrow,5
OR,Multnomah,4
OR,Polk,4
OR,Sherman,5
OR,Tillamook,4
OR,Umatilla,5
OR,Union,5
OR,Wallowa,5
OR,Wasco,5
OR,Washington,4
OR,Wheeler,5
OR,Yamhill,4
PA,Adams,5
PA,Allegheny,5
PA,Armstrong,5
PA,Beaver,5
PA,Bedford,5
PA,Berks,5
PA,Blair,5
PA,Bradford,5
PA,Bucks,4
PA,Butler,5
PA,Cambria,5
PA,Cameron,6
PA,Carbon,5
PA,Centre,5
PA,Chester,4
PA,Clarion,5
PA,Clearfield,6
PA,Clinton,5
PA,Columbia,5
PA,Crawford,5
PA,Cumberland,5
PA,Dauphin,5
PA,Delaware,4
PA,Elk,6
PA,Erie,5
PA,Fayette,5
PA,Forest,5
PA,Franklin,5
PA,Fulton,5
PA,Greene,5
PA,Huntingdon,5
PA,Indiana,5
PA,Jefferson,5
PA,Juniata,5
PA,Lackawanna,5
PA,Lancaster,5
PA,Lawrence,5
PA,Lebanon,5
PA,Lehigh,5
PA,Luzerne,5
PA,Lycoming,5
PA,McKean,6
PA,Mercer,5
PA,Mifflin,5
PA,Monroe,5
PA,Montgomery,4
PA,Montour,5
PA,Northampton,5
PA,Northumberland,5
PA,Perry,5
PA,Philadelphia,4
PA,Pike,5
PA,Potter,6
PA,Schuylkill,5
PA,Snyder,5
PA,Somerset,5
PA,Sullivan,5
PA,Susquehanna,6
PA,Tioga,6
PA,Union,5
PA,Venango,5
PA,Warren,5
PA,Washington,5
PA,Wayne,6
PA,Westmoreland,5
PA,Wyoming,5
PA,York,4
PR,Adjuntas,1
PR,Aguada,1
PR,Aguadilla,1
PR,Aguas Buenas,1
PR,Aibonito,1
PR,Anasco,1
PR,Arecibo,1
PR,Arroyo,1
PR,Barceloneta,1
PR,Barranquitas,1
PR,Bayamon,1
PR,Cabo Rojo,1
PR,Caguas,1
PR,Camuy,1
PR,Canovanas,1
PR,Carolina,1
PR,Catano,1
PR,Cayey,1
PR,Ceiba,1
PR,Ciales,1
PR,Cidra,1
PR,Coamo,1
PR,Comerio,1
PR,Corozal,1
PR,Culebra,1
PR,Dorado,1
PR,Fajardo,1
PR,Florida,1
PR,Guanica,1
PR,Guayama,1
PR,Guayanilla,1
PR,Guaynabo,1
PR,Gurabo,1
PR,Hatillo,1
PR,Hormigueros,1
PR,Humacao,1
PR,Isabela,1
PR,Jayuya,1
PR,Juana Diaz,1
PR,Juncos,1
PR,Lajas,1
PR,Lares,1
PR,Las Marias,1
PR,Las Piedras,1
PR,Loiza,1
PR,Luquillo,1
PR,Manati,1
PR,Maricao,1
PR,Maunabo,1
PR,Mayaguez,1
PR,Moca,1
PR,Morovis,1
PR,Naguabo,1
PR,Naranjito,1
PR,Orocovis,1
PR,Patillas,1
PR,Penuelas,1
PR,Ponce,1
PR,Quebradillas,1
PR,Rincon,1
PR,Rio Grande,1
PR,Sabana Grande,1
PR,Salinas,1
PR,San German,1
PR,San Juan,1
PR,San Lorenzo,1
PR,San Sebastian,1
PR,Santa Isabel,1
PR,Toa Alta,1
PR,Toa Baja,1
PR,Trujillo Alto,1
PR,Utuado,1
PR,Vega Alta,1
PR,Vega Baja,1
PR,Vieques,1
PR,Villalba,1
PR,Yabucoa,1
PR,Yauco,1
RI,Bristol,5
RI,Kent,5
RI,Newport,5
RI,Providence,5
RI,Washington,5
SC,Abbeville,3
SC,Aiken,3
SC,Allendale,3
SC,Anderson,3
SC,Bamberg,3
SC,Barnwell,3
SC,Beaufort,3
SC,Berkeley,3
SC,Calhoun,3
SC,Charleston,3
SC,Cherokee,3
SC,Chester,3
SC,Chesterfield,3
SC,Clarendon,3
SC,Colleton,3
SC,Darlington,3
SC,Dillon,3
SC,Dorchester,3
SC,Edgefield,3
SC,Fairfield,3
SC,Florence,3
SC,Georgetown,3
SC,Greenville,3
SC,Greenwood,3
SC,Hampton,3
SC,Horry,3
SC,Jasper,3
SC,Kershaw,3
SC,Lancaster,3
SC,Laurens,3
SC,Lee,3
SC,Lexington,3
SC,Marion,3
SC,Marlboro,3
SC,McCormick,3
SC,Newberry,3
SC,Oconee,3
SC,Orangeburg,3
SC,Pickens,3
SC,Richland,3
SC,Saluda,3
SC,Spartanburg,3
SC,Sumter,3
SC,Union,3
SC,Williamsburg,3
SC,York,3
SD,Aurora,6
SD,Beadle,6
SD,Bennett,5
SD,Bon Homme,5
SD,Brookings,6
SD,Brown,6
SD,Brule,6
SD,Buffalo,6
SD,Butte,6
SD,Campbell,6
SD,Charles Mix,5
SD,Clark,6
SD,Clay,5
SD,Codington,6
SD,Corson,6
SD,Custer,6
SD,Davison,6
SD,Day,6
SD,Deuel,6
SD,Dewey,6
SD,Douglas,5
SD,Edmunds,6
SD,Fall River,6
SD,Faulk,6
SD,Grant,6
SD,Gregory,5
SD,Haakon,6
SD,Hamlin,6
SD,Hand,6
SD,Hanson,6
SD,Harding,6
SD,Hughes,6
SD,Hutchinson,5
SD,Hyde,6
SD,Jackson,5
SD,Jerauld,6
SD,Jones,6
SD,Kingsbury,6
SD,Lake,6
SD,Lawrence,6
SD,Lincoln,6
SD,Lyman,6
SD,Marshall,6
SD,McCook,6
SD,McPherson,6
SD,Meade,6
SD,Mellette,5
SD,Miner,6
SD,Minnehaha,6
SD,Moody,6
SD,Oglala Lakota,6
SD,Pennington,6
SD,Perkins,6
SD,Potter,6
SD,Roberts,6
SD,Sanborn,6
SD,Spink,6
SD,Stanley,6
SD,Sully,6
SD,Todd,5
SD,Tripp,5
SD,Turner,6
SD,Union,5
SD,Walworth,6
SD,Yankton,5
SD,Ziebach,6
TN,Anderson,4
TN,Bedford,4
TN,Benton,4
TN,Bledsoe,4
TN,Blount,4
TN,Bradley,4
TN,Campbell,4
TN,Cannon,4
TN,Carroll,4
TN,Carter,4
TN,Cheatham,4
TN,Chester,3
TN,Claiborne,4
TN,Clay,4
TN,Cocke,4
TN,Coffee,4
TN,Crockett,3
TN,Cumberland,4
TN,Davidson,4
TN,Decatur,4
TN,DeKalb,4
TN,Dickson,4
TN,Dyer,3
TN,Fayette,3
TN,Fentress,4
TN,Franklin,4
TN,Gibson,4
TN,Giles,4
TN,Grainger,4
TN,Greene,4
TN,Grundy,4
TN,Hamblen,4
TN,Hamilton,4
TN,Hancock,4
TN,Hardeman,3
TN,Hardin,3
TN,Hawkins,4
TN,Haywood,3
TN,Henderson,3
TN,Henry,4
TN,Hickman,4
TN,Houston,4
TN,Humphreys,4
TN,Jackson,4
TN,Jefferson,4
TN,Johnson,4
TN,Knox,4
TN,Lake,3
TN,Lauderdale,3
TN,Lawrence,4
TN,Lewis,4
TN,Lincoln,4
TN,Loudon,4
TN,Macon,4
TN,Madison,3
TN,Marion,4
TN,Marshall,4
TN,Maury,4
TN,McMinn,4
TN,McNairy,3
TN,Meigs,4
TN,Monroe,4
TN,Montgomery,4
TN,Moore,4
TN,Morgan,4
TN,Obion,4
TN,Overton,4
TN,Perry,4
TN,Pickett,4
TN,Polk,4
TN,Putnam,4
TN,Rhea,4
TN,Roane,4
TN,Robertson,4
TN,Rutherford,4
TN,Scott,4
TN,Sequatchie,4
TN,Sevier,4
TN,Shelby,3
TN,Smith,4
TN,Stewart,4
TN,Sullivan,4
TN,Sumner,4
TN,Tipton,3
TN,Trousdale,4
TN,Unicoi,4
TN,Union,4
TN,Van Buren,4
TN,Warren,4
TN,Washington,4
TN,Wayne,4
TN,Weakley,4
TN,White,4
TN,Williamson,4
TN,Wilson,4
TX,Anderson,2
TX,Andrews,3
TX,Angelina,2
TX,Aransas,2
TX,Archer,3
TX,Armstrong,4
TX,Atascosa,2
TX,Austin,2
TX,Bailey,4
TX,Bandera,2
TX,Bastrop,2
TX,Baylor,3
TX,Bee,2
TX,Bell,2
TX,Bexar,2
TX,Blanco,3
TX,Borden,3
TX,Bosque,2
TX,Bowie,3
TX,Brazoria,2
TX,Brazos,2
TX,Brewster,3
TX,Briscoe,4
TX,Brooks,2
TX,Brown,3
TX,Burleson,2
TX,Burnet,3
TX,Caldwell,2
TX,Calhoun,2
TX,Callahan,3
TX,Cameron,2
TX,Camp,3
TX,Carson,4
TX,Cass,3
TX,Castro,4
TX,Chambers,2
TX,Cherokee,2
TX,Childress,3
TX,Clay,3
TX,Cochran,4
TX,Coke,3
TX,Coleman,3
TX,Collin,3
TX,Collingsworth,3
TX,Colorado,2
TX,Comal,2
TX,Comanche,3
TX,Concho,3
TX,Cooke,3
TX,Coryell,2
TX,Cottle,3
TX,Crane,3
TX,Crockett,3
TX,Crosby,3
TX,Culberson,3
TX,Dallam,4
TX,Dallas,3
TX,Dawson,3
TX,Deaf Smith,4
TX,Delta,3
TX,Denton,3
TX,DeWitt,2
TX,Dickens,3
TX,Dimmit,2
TX,Donley,4
TX,Duval,2
TX,Eastland,3
TX,Ector,3
TX,Edwards,2
TX,El Paso,3
TX,Ellis,3
TX,Erath,3
TX,Falls,2
TX,Fannin,3
TX,Fayette,2
TX,Fisher,3
TX,Floyd,4
TX,Foard,3
TX,Fort Bend,2
TX,Franklin,3
TX,Freestone,2
TX,Frio,2
TX,Gaines,3
TX,Galveston,2
TX,Garza,3
TX,Gillespie,3
TX,Glasscock,3
TX,Goliad,2
TX,Gonzales,2
TX,Gray,4
TX,Grayson,3
TX,Gregg,3
TX,Grimes,2
TX,Guadalupe,2
TX,Hale,4
TX,Hall,3
TX,Hamilton,3
TX,Hansford,4
TX,Hardeman,3
TX,Hardin,2
TX,Harris,2
TX,Harrison,3
TX,Hartley,4
TX,Haskell,3
TX,Hays,2
TX,Hemphill,3
TX,Henderson,3
TX,Hidalgo,2
TX,Hill,2
TX,Hockley,4
TX,Hood,3
TX,Hopkins,3
TX,Houston,2
TX,Howard,3
TX,Hudspeth,3
TX,Hunt,3
TX,Hutchinson,4
TX,Irion,3
TX,Jack,3
TX,Jackson,2
TX,Jasper,2
TX,Jeff Davis,3
TX,Jefferson,2
TX,Jim Hogg,2
TX,Jim Wells,2
TX,Johnson,3
TX,Jones,3
TX,Karnes,2
TX,Kaufman,3
TX,Kendall,3
TX,Kenedy,2
TX,Kent,3
TX,Kerr,3
TX,Kimble,3
TX,King,3
TX,Kinney,2
TX,Kleberg,2
TX,Knox,3
TX,La Salle,2
TX,Lamar,3
TX,Lamb,4
TX,Lampasas,3
TX,Lavaca,2
TX,Lee,2
TX,Leon,2
TX,Liberty,2
TX,Limestone,2
TX,Lipscomb,4
TX,Live Oak,2
TX,Llano,3
TX,Loving,3
TX,Lubbock,3
TX,Lynn,3
TX,McCulloch,3
TX,McLennan,2
TX,McMullen,2
TX,Madison,2
TX,Marion,3
TX,Martin,3
TX,Mason,3
TX,Matagorda,2
TX,Maverick,2
TX,Medina,2
TX,Menard,3
TX,Midland,3
TX,Milam,2
TX,Mills,3
TX,Mitchell,3
TX,Montague,3
TX,Montgomery,2
TX,Moore,4
TX,Morris,3
TX,Motley,3
TX,Nacogdoches,3
TX,Navarro,3
TX,Newton,2
TX,Nolan,3
TX,Nueces,2
TX,Ochiltree,4
TX,Oldham,4
TX,Orange,2
TX,Palo Pinto,3
TX,Panola,3
TX,Parker,3
TX,Parmer,4
TX,Pecos,3
TX,Polk,2
TX,Potter,4
TX,Presidio,3
TX,Rains,3
TX,Randall,4
TX,Reagan,3
TX,Real,2
TX,Red River,3
TX,Reeves,3
TX,Refugio,2
TX,Roberts,4
TX,Robertson,2
TX,Rockwall,3
TX,Runnels,3
TX,Rusk,3
TX,Sabine,3
TX,San Augustine,3
TX,San Jacinto,2
TX,San Patricio,2
TX,San Saba,3
TX,Schleicher,3
TX,Scurry,3
TX,Shackelford,3
TX,Shelby,3
TX,Sherman,4
TX,Smith,3
TX,Somervell,3
TX,Starr,2
TX,Stephens,3
TX,Sterling,3
TX,Stonewall,3
TX,Sutton,3
TX,Swisher,4
TX,Tarrant,3
TX,Taylor,3
TX,Terrell,3
TX,Terry,3
TX,Throckmorton,3
TX,Titus,3
TX,Tom Green,3
TX,Travis,2
TX,Trinity,2
TX,Tyler,2
TX,Upshur,3
TX,Upton,3
TX,Uvalde,2
TX,Val Verde,2
TX,Van Zandt,3
TX,Victoria,2
TX,Walker,2
TX,Waller,2
TX,Ward,3
TX,Washington,2
TX,Webb,2
TX,Wharton,2
TX,Wheeler,3
TX,Wichita,3
TX,Wilbarger,3
TX,Willacy,2
TX,Williamson,2
TX,Wilson,2
TX,Winkler,3
TX,Wise,3
TX,Wood,3
TX,Yoakum,4
TX,Young,3
TX,Zapata,2
TX,Zavala,2
UM,Midway Islands,1
UT,Beaver,5
UT,Box Elder,6
UT,Cache,6
UT,Carbon,6
UT,Daggett,6
UT,Davis,5
UT,Duchesne,6
UT,Emery,5
UT,Garfield,5
UT,Grand,5
UT,Iron,5
UT,Juab,5
UT,Kane,5
UT,Millard,5
UT,Morgan,6
UT,Piute,5
UT,Rich,6
UT,Salt Lake,5
UT,San Juan,5
UT,Sanpete,5
UT,Sevier,5
UT,Summit,6
UT,Tooele,5
UT,Uintah,6
UT,Utah,5
UT,Wasatch,6
UT,Washington,3
UT,Wayne,5
UT,Weber,5
VA,Accomack,4
VA,Albemarle,4
VA,Alexandria (city),4
VA,Alleghany,4
VA,Amelia,4
VA,Amherst,4
VA,Appomattox,4
VA,Arlington,4
VA,Augusta,4
VA,Bath,4
VA,Bedford,4
VA,Bedford (city),4
VA,Bland,4
VA,Botetourt,4
VA,Bristol (city),4
VA,Brunswick,4
VA,Buchanan,4
VA,Buckingham,4
VA,Buena Vista (city),4
VA,Campbell,4
VA,Caroline,4
VA,Carroll,4
VA,Charles City,4
VA,Charlotte,4
VA,Charlottesville (city),4
VA,Chesapeake (city),4
VA,Chesterfield,4
VA,Clarke,4
VA,Colonial Heights (city),4
VA,Covington (city),4
VA,Craig,4
VA,Culpeper,4
VA,Cumberland,4
VA,Danville (city),4
VA,Dickenson,4
VA,Dinwiddie,4
VA,Emporia (city),4
VA,Essex,4
VA,Fairfax,4
VA,Fairfax (city),4
VA,Falls Church (city),4
VA,Fauquier,4
VA,Floyd,4
VA,Fluvanna,4
VA,Franklin,4
VA,Franklin (city),4
VA,Frederick,4
VA,Fredericksburg (city),4
VA,Galax (city),4
VA,Giles,4
VA,Gloucester,4
VA,Goochland,4
VA,Grayson,4
VA,Greene,4
VA,Greensville,4
VA,Halifax,4
VA,Hampton (city),4
VA,Hanover,4
VA,Harrisonburg (city),4
VA,Henrico,4
VA,Henry,4
VA,Highland,4
VA,Hopewell (city),4
VA,Isle of Wight,4
VA,James City,4
VA,King and Queen,4
VA,King George,4
VA,King William,4
VA,Lancaster,4
VA,Lee,4
VA,Lexington (city),4
VA,Loudoun,4
VA,Louisa,4
VA,Lunenburg,4
VA,Lynchburg (city),4
VA,Madison,4
VA,Manassas (city),4
VA,Manassas Park (city),4
VA,Martinsville (city),4
VA,Mathews,4
VA,Mecklenburg,4
VA,Middlesex,4
VA,Montgomery,4
VA,Nelson,4
VA,New Kent,4
VA,Newport News (city),4
VA,Norfolk (city),4
VA,Northampton,4
VA,Northumberland,4
VA,Norton (city),4
VA,Nottoway,4
VA,Orange,4
VA,Page,4
VA,Patrick,4
VA,Petersburg (city),4
VA,Pittsylvania,4
VA,Poquoson (city),4
VA,Portsmouth (city),4
VA,Powhatan,4
VA,Prince Edward,4
VA,Prince George,4
VA,Prince William,4
VA,Pulaski,4
VA,Radford (city),4
VA,Rappahannock,4
VA,Richmond,4
VA,Richmond (city),4
VA,Roanoke,4
VA,Roanoke (city),4
VA,Rockbridge,4
VA,Rockingham,4
VA,Russell,4
VA,Salem (city),4
VA,Scott,4
VA,Shenandoah,4
VA,Smyth,4
VA,Southampton,4
VA,Spotsylvania,4
VA,Stafford,4
VA,Staunton (city),4
VA,Suffolk (city),4
VA,Surry,4
VA,Sussex,4
VA,Tazewell,4
VA,Virginia Beach (city),4
VA,Warren,4
VA,Washington,4
VA,Waynesboro (city),4
VA,Westmoreland,4
VA,Williamsburg (city),4
VA,Winchester (city),4
VA,Wise,4
VA,Wythe,4
VA,York,4
VI,St. Croix Island,1
VI,St. John Island,1
VI,St. Thomas Island,1
VT,Addison,6
VT,Bennington,6
VT,Caledonia,6
VT,Chittenden,6
VT,Essex,6
VT,Franklin,6
VT,Grand Isle,6
VT,Lamoille,6
VT,Orange,6
VT,Orleans,6
VT,Rutland,6
VT,Washington,6
VT,Windham,6
VT,Windsor,6
WA,Adams,5
WA,Asotin,5
WA,Benton,5
WA,Chelan,5
WA,Clallam,4
WA,Clark,4
WA,Columbia,5
WA,Cowlitz,4
WA,Douglas,5
WA,Ferry,6
WA,Franklin,5
WA,Garfield,5
WA,Grant,5
WA,Grays Harbor,4
WA,Island,4
WA,Jefferson,4
WA,King,4
WA,Kitsap,4
WA,Kittitas,5
WA,Klickitat,5
WA,Lewis,4
WA,Lincoln,5
WA,Mason,4
WA,Okanogan,6
WA,Pacific,4
WA,Pend Oreille,6
WA,Pierce,4
WA,San Juan,4
WA,Skagit,4
WA,Skamania,5
WA,Snohomish,4
WA,Spokane,5
WA,Stevens,6
WA,Thurston,4
WA,Wahkiakum,4
WA,Walla Walla,5
WA,Whatcom,4
WA,Whitman,5
WA,Yakima,5
WI,Adams,6
WI,Ashland,7
WI,Barron,6
WI,Bayfield,7
WI,Brown,6
WI,Buffalo,6
WI,Burnett,7
WI,Calumet,6
WI,Chippewa,6
WI,Clark,6
WI,Columbia,6
WI,Crawford,6
WI,Dane,6
WI,Dodge,6
WI,Door,6
WI,Douglas,7
WI,Dunn,6
WI,Eau Claire,6
WI,Florence,7
WI,Fond du Lac,6
WI,Forest,7
WI,Grant,6
WI,Green,6
WI,Green Lake,6
WI,Iowa,6
WI,Iron,7
WI,Jackson,6
WI,Jefferson,6
WI,Juneau,6
WI,Kenosha,6
WI,Kewaunee,6
WI,La Crosse,6
WI,Lafayette,6
WI,Langlade,7
WI,Lincoln,7
WI,Manitowoc,6
WI,Marathon,6
WI,Marinette,6
WI,Marquette,6
WI,Menominee,6
WI,Milwaukee,6
WI,Monroe,6
WI,Oconto,6
WI,Oneida,7
WI,Outagamie,6
WI,Ozaukee,6
WI,Pepin,6
WI,Pierce,6
WI,Polk,6
WI,Portage,6
WI,Price,7
WI,Racine,6
WI,Richland,6
WI,Rock,6
WI,Rusk,6
WI,Sauk,6
WI,Sawyer,7
WI,Shawano,6
WI,Sheboygan,6
WI,St. Croix,6
WI,Taylor,7
WI,Trempealeau,6
WI,Vernon,6
WI,Vilas,7
WI,Walworth,6
WI,Washburn,7
WI,Washington,6
WI,Waukesha,6
WI,Waupaca,6
WI,Waushara,6
WI,Winnebago,6
WI,Wood,6
WV,Barbour,5
WV,Berkeley,4
WV,Boone,4
WV,Braxton,4
WV,Brooke,5
WV,Cabell,4
WV,Calhoun,4
WV,Clay,4
WV,Doddridge,5
WV,Fayette,5
WV,Gilmer,4
WV,Grant,5
WV,Greenbrier,5
WV,Hampshire,5
WV,Hancock,5
WV,Hardy,5
WV,Harrison,5
WV,Jackson,4
WV,Jefferson,4
WV,Kanawha,4
WV,Lewis,5
WV,Lincoln,4
WV,Logan,4
WV,Marion,5
WV,Marshall,5
WV,Mason,4
WV,McDowell,4
WV,Mercer,4
WV,Mineral,5
WV,Mingo,4
WV,Monongalia,5
WV,Monroe,4
WV,Morgan,4
WV,Nicholas,5
WV,Ohio,5
WV,Pendleton,5
WV,Pleasants,4
WV,Pocahontas,5
WV,Preston,5
WV,Putnam,4
WV,Raleigh,5
WV,Randolph,5
WV,Ritchie,4
WV,Roane,4
WV,Summers,5
WV,Taylor,5
WV,Tucker,5
WV,Tyler,4
WV,Upshur,5
WV,Wayne,4
WV,Webster,5
WV,Wetzel,5
WV,Wirt,4
WV,Wood,4
WV,Wyoming,4
WY,Albany,6
WY,Big Horn,6
WY,Campbell,6
WY,Carbon,6
WY,Converse,6
WY,Crook,6
WY,Fremont,6
WY,Goshen,5
WY,Hot Springs,6
WY,Johnson,6
WY,Laramie,6
WY,Lincoln,7
WY,Natrona,6
WY,Niobrara,6
WY,Park,6
WY,Platte,5
WY,Sheridan,6
WY,Sublette,7
WY,Sweetwater,6
WY,Teton,7
WY,Uinta,6
WY,Washakie,6
WY,Weston,6
